Top pages,Clicks,Impressions,CTR,Position
https://techhorizonlabs.com/,104,1349,7.71%,9.22
https://academy.techhorizonlabs.com/,15,447,3.36%,8.51
https://techhorizonlabs.com/about-us/,8,313,2.56%,7.79
https://techhorizonlabs.com/contact-us/,2,196,1.02%,9.84
https://techhorizonlabs.com/about,2,82,2.44%,49.77
https://techhorizonlabs.com/academy,1,79,1.27%,28.9
https://academy.techhorizonlabs.com/digital-team,1,66,1.52%,11.83
https://academy.techhorizonlabs.com/login,1,53,1.89%,4.81
https://techhorizonlabs.com/locations/brisbane,0,728,0%,61.81
https://academy.techhorizonlabs.com/workshops,0,216,0%,56.53
https://academy.techhorizonlabs.com/agents,0,206,0%,12.8
https://techhorizonlabs.com/for-business/,0,193,0%,9.93
https://techhorizonlabs.com/portfolio/,0,173,0%,11.35
https://techhorizonlabs.com/ai-workshop-business-sunshine-coast/,0,147,0%,12.19
https://techhorizonlabs.com/ai-business-training-sunshine-coast/,0,146,0%,5.1
https://academy.techhorizonlabs.com/wiki,0,119,0%,8.05
https://techhorizonlabs.com/tag/ai-business-training-sunshine-coast/,0,116,0%,52.49
https://techhorizonlabs.com/industries/legal,0,116,0%,64.89
https://techhorizonlabs.com/resources/,0,114,0%,5.22
https://academy.techhorizonlabs.com/about,0,96,0%,5.45
https://academy.techhorizonlabs.com/membership,0,86,0%,4.67
https://techhorizonlabs.com/blog/,0,85,0%,21.91
https://techhorizonlabs.com/book-here/,0,84,0%,3.95
https://techhorizonlabs.com/events,0,75,0%,13.49
https://techhorizonlabs.com/ai-consultant-sunshine-coast-business-transformation/,0,71,0%,18.96
https://academy.techhorizonlabs.com/starter-kits,0,63,0%,15.32
https://techhorizonlabs.com/insights/ai-impact-by-industry,0,58,0%,18.05
https://techhorizonlabs.com/terms-of-service/,0,48,0%,12.04
https://academy.techhorizonlabs.com/free-resources,0,45,0%,7.78
https://academy.techhorizonlabs.com/links,0,44,0%,6.52
https://techhorizonlabs.com/navigating-the-ai-hype-cycle-turning-ai-potential-into-business-reality/,0,44,0%,23.32
https://techhorizonlabs.com/why-your-sunshine-coast-business-needs-a-no-nonsense-ai-consultant-in-2025-breaking-down-the-latest-ai-revolution/,0,43,0%,29.09
https://techhorizonlabs.com/privacy-policy/,0,42,0%,9.52
https://techhorizonlabs.com/for-home/,0,39,0%,2.36
https://academy.techhorizonlabs.com/contact,0,31,0%,21.26
https://techhorizonlabs.com/master-ai-brain-dumping-sunshine-coast-ai-consultants-2025-guide/,0,28,0%,20.11
https://techhorizonlabs.com/guides/chatgpt-to-claude,0,20,0%,12.4
https://techhorizonlabs.com/ai-consultants-reveal-the-truth-about-privacy-in-the-age-of-artificial-intelligence/,0,20,0%,13.05
https://techhorizonlabs.com/your-enterprise-ai-tools-are-probably-overkill-heres-what-queensland-businesses-actually-need/,0,19,0%,8.37
https://academy.techhorizonlabs.com/calendar,0,17,0%,6.47
https://techhorizonlabs.com/unctad-2025-ai-report-australia-guide/,0,15,0%,9.2
https://academy.techhorizonlabs.com/how-it-works,0,14,0%,7.57
https://techhorizonlabs.com/portfolio,0,14,0%,81.5
https://techhorizonlabs.com/author/huxleythzn-world/,0,11,0%,3.73
https://techhorizonlabs.com/portfolio/healthcare-clinic,0,11,0%,5.09
https://academy.techhorizonlabs.com/my-stack,0,11,0%,9.73
https://academy.techhorizonlabs.com/pricing,0,10,0%,4.4
https://academy.techhorizonlabs.com/recordings,0,10,0%,13.9
https://academy.techhorizonlabs.com/resources,0,9,0%,3.67
https://www.techhorizonlabs.com/about,0,9,0%,5.78
https://academy.techhorizonlabs.com/enterprise,0,8,0%,6.88
https://techhorizonlabs.com/insights/claude-vs-chatgpt-2026,0,8,0%,9.62
https://techhorizonlabs.com/work,0,7,0%,4.71
https://techhorizonlabs.com/event/the-ultimate-ai-assistant-build-day/,0,7,0%,6.14
https://academy.techhorizonlabs.com/success,0,6,0%,4.33
https://academy.techhorizonlabs.com/tools-database,0,6,0%,8
https://academy.techhorizonlabs.com/resources/5-ChatGPT-Marketing-Prompts.pdf,0,5,0%,5
https://academy.techhorizonlabs.com/portal,0,4,0%,5.75
https://academy.techhorizonlabs.com/checkout,0,4,0%,9
https://academy.techhorizonlabs.com/dashboard,0,4,0%,9
https://academy.techhorizonlabs.com/academy/tools,0,3,0%,3.33
https://academy.techhorizonlabs.com/resources/Getting-Started-with-ChatGPT.pdf,0,3,0%,5.67
https://academy.techhorizonlabs.com/skills,0,2,0%,4.5
https://techhorizonlabs.com/event/ai-kickstarter-workshop-a-practical-introduction-to-choosing-using-ai-tools-effectively/,0,2,0%,5
https://techhorizonlabs.com/events/2025-05-02/?embed=4fab3163,0,2,0%,6
https://academy.techhorizonlabs.com/admin,0,2,0%,7.5
https://techhorizonlabs.com/courses/,0,1,0%,1
https://academy.techhorizonlabs.com/tools,0,1,0%,3
https://academy.techhorizonlabs.com/workshops/53eubrge376houf3beaq4oc79m_20260311T060000Z,0,1,0%,3
https://techhorizonlabs.com/product-category/support/,0,1,0%,5
https://techhorizonlabs.com/product/free-pre-discovery-call/,0,1,0%,6
https://academy.techhorizonlabs.com/workshop,0,1,0%,7
https://techhorizonlabs.com/courses/sample-course/,0,1,0%,8
https://academy.techhorizonlabs.com/workshops/30n16hnqje2v9uvv29hblkq47a_20260310T230000Z,0,1,0%,9